A,B,C,D
-641.00,4472899.20,9676105.37,10874491.02
-559.00,4472899.20,9676105.37,10874491.02
-633.00,4472899.20,9676105.37,10874491.02
-633.00,4472899.20,9676105.37,10874491.02
-634.00,4472899.20,9676105.37,10874491.02
-634.00,4472899.20,9676105.37,10874491.02
-641.00,4472899.20,9676105.37,10874491.02
-390.00,4472899.20,9676105.37,10874491.02
-390.00,4472899.20,9676105.37,10874491.02
-392.00,4472899.20,9676105.37,10874491.02
-392.00,4472899.20,9676105.37,10874491.02
-562.00,4472899.20,9676105.37,10874491.02
-569.00,4472899.20,9676105.37,10874491.02
-569.00,4472899.20,9676105.37,10874491.02
-616.00,4472899.20,9676105.37,10874491.02
-616.00,4472899.20,9676105.37,10874491.02
-620.00,4472899.20,9676105.37,10874491.02
-620.00,4472899.20,9676105.37,10874491.02
-902.00,4472899.20,8922123.14,10027128.09
-766.00,4472899.20,8922123.14,10027128.09
-898.00,4472899.20,8922123.14,10027128.09
-898.00,4472899.20,8922123.14,10027128.09
-898.00,4472899.20,8922123.14,10027128.09
-898.00,4472899.20,8922123.14,10027128.09
-902.00,4472899.20,8922123.14,10027128.09
-728.00,4472899.20,8922123.14,10027128.09
-732.00,4472899.20,8922123.14,10027128.09
-757.00,4472899.20,8922123.14,10027128.09
-757.00,4472899.20,8922123.14,10027128.09
-766.00,4472899.20,8922123.14,10027128.09
-813.00,4472899.20,8922123.14,10027128.09
-870.00,4472899.20,8922123.14,10027128.09
-870.00,4472899.20,8922123.14,10027128.09
-884.00,4472899.20,8922123.14,10027128.09
-885.00,4472899.20,8922123.14,10027128.09
-897.00,4472899.20,8922123.14,10027128.09
-1190.00,4472899.20,8922123.14,10027128.09
-960.00,4472899.20,8922123.14,10027128.09
-1090.00,4472899.20,8922123.14,10027128.09
-1150.00,4472899.20,8922123.14,10027128.09
-1150.00,4472899.20,8922123.14,10027128.09
-1170.00,4472899.20,8922123.14,10027128.09
-1180.00,4472899.20,8922123.14,10027128.09
-902.00,4472899.20,8922123.14,10027128.09
-903.00,4472899.20,8922123.14,10027128.09
-908.00,4472899.20,8922123.14,10027128.09
-915.00,4472899.20,8922123.14,10027128.09
-960.00,4472899.20,8922123.14,10027128.09
-977.00,4472899.20,8922123.14,10027128.09
-977.00,4472899.20,8922123.14,10027128.09
-1060.00,4472899.20,8922123.14,10027128.09
-1070.00,4472899.20,8922123.14,10027128.09
-1070.00,4472899.20,8922123.14,10027128.09
-1080.00,4472899.20,8922123.14,10027128.09
-1460.00,4472899.20,8922123.14,10027128.09
-1280.00,4472899.20,8922123.14,10027128.09
-1420.00,4472899.20,8922123.14,10027128.09
-1420.00,6637426.43,8922123.14,10027128.09
-1430.00,6637426.43,8922123.14,14166519.23
-1440.00,4472899.20,8922123.14,10027128.09
-1460.00,4472899.20,8922123.14,10027128.09
-1240.00,4472899.20,8922123.14,10027128.09
-1240.00,6637426.43,8922123.14,10027128.09
-1250.00,6637426.43,8922123.14,10027128.09
-1280.00,4472899.20,8922123.14,10027128.09
-1280.00,4472899.20,8922123.14,10027128.09
-1300.00,4472899.20,8922123.14,10027128.09
-1360.00,4472899.20,8922123.14,14166519.23
-1390.00,4472899.20,8922123.14,10027128.09
-1400.00,4472899.20,8922123.14,10027128.09
-1420.00,4472899.20,8922123.14,10027128.09
-1420.00,4472899.20,8922123.14,10027128.09
-1740.00,4472899.20,8922123.14,10027128.09
-1630.00,4472899.20,8922123.14,10027128.09
-1690.00,4472899.20,8922123.14,10027128.09
-1710.00,4472899.20,8922123.14,10027128.09
-1720.00,4472899.20,8922123.14,14166519.23
-1740.00,4472899.20,8922123.14,10027128.09
-1740.00,4472899.20,8922123.14,10027128.09
-1540.00,4472899.20,8922123.14,10027128.09
-1600.00,4472899.20,8922123.14,10027128.09
-1600.00,6637426.43,8922123.14,10027128.09
-1610.00,6637426.43,8922123.14,10027128.09
-1630.00,4472899.20,8922123.14,10027128.09
-1660.00,4472899.20,8922123.14,10027128.09
-1660.00,4472899.20,8922123.14,14166519.23
-1660.00,4472899.20,8922123.14,10027128.09
-1670.00,4472899.20,8922123.14,10027128.09
-1670.00,4472899.20,8922123.14,10027128.09
-1680.00,4472899.20,8922123.14,10027128.09
-2050.00,4472899.20,8922123.14,10027128.09
-1800.00,4472899.20,8922123.14,10027128.09
-2020.00,6637426.43,8922123.14,10027128.09
-2040.00,4472899.20,8922123.14,10027128.09
-2040.00,4472899.20,8922123.14,14166519.23
-2040.00,6637426.43,8922123.14,10027128.09
-2050.00,4472899.20,8922123.14,10027128.09
-1770.00,4472899.20,8922123.14,10027128.09
-1770.00,6637426.43,8922123.14,10027128.09
-1780.00,6637426.43,8922123.14,10027128.09
-1790.00,6637426.43,8922123.14,10027128.09
-1950.00,6637426.43,8922123.14,10027128.09
-1950.00,6637426.43,8922123.14,10027128.09
-1960.00,6637426.43,8922123.14,14166519.23
-1960.00,6637426.43,8922123.14,10027128.09
-1970.00,4472899.20,8922123.14,10027128.09
-1980.00,6637426.43,8922123.14,10027128.09
-2020.00,6637426.43,8922123.14,10027128.09
-2400.00,6637426.43,8922123.14,14166519.23
-2210.00,4472899.20,8922123.14,14166519.23
-2320.00,4472899.20,8922123.14,14166519.23
-2320.00,6637426.43,8922123.14,14166519.23
-2330.00,4472899.20,8922123.14,14166519.23
-2370.00,4472899.20,8922123.14,14166519.23
-2370.00,6637426.43,8922123.14,14166519.23
-2070.00,4472899.20,8922123.14,14166519.23
-2130.00,6637426.43,8922123.14,14166519.23
-2140.00,6637426.43,8922123.14,14166519.23
-2170.00,4472899.20,8922123.14,14166519.23
-2230.00,6637426.43,8922123.14,14166519.23
-2240.00,6637426.43,8922123.14,14166519.23
-2250.00,6637426.43,8922123.14,14166519.23
-2280.00,6637426.43,8922123.14,14166519.23
-2300.00,6637426.43,8922123.14,14166519.23
-2310.00,6637426.43,8922123.14,14166519.23
-2310.00,6637426.43,8922123.14,14166519.23
-2730.00,6637426.43,8922123.14,14166519.23
-2500.00,6637426.43,8922123.14,14166519.23
-2620.00,4472899.20,8922123.14,14166519.23
-2660.00,6637426.43,8922123.14,14166519.23
-2680.00,6637426.43,8922123.14,17735814.59
-2690.00,6637426.43,8922123.14,14166519.23
-2700.00,6637426.43,8922123.14,14166519.23
-2420.00,4472899.20,8922123.14,14166519.23
-2440.00,4472899.20,8922123.14,14166519.23
-2440.00,4472899.20,8922123.14,14166519.23
-2480.00,6637426.43,8922123.14,14166519.23
-2500.00,6637426.43,8922123.14,14166519.23
-2520.00,6637426.43,8922123.14,14166519.23
-2530.00,6637426.43,8922123.14,17735814.59
-2530.00,6637426.43,8922123.14,14166519.23
-2570.00,4472899.20,8922123.14,14166519.23
-2580.00,6637426.43,8922123.14,14166519.23
-2590.00,6637426.43,8922123.14,14166519.23
-3040.00,6637426.43,8922123.14,14166519.23
-2800.00,6637426.43,8922123.14,14166519.23
-3010.00,6637426.43,8922123.14,14166519.23
-3020.00,6637426.43,8922123.14,14166519.23
-3020.00,6637426.43,8922123.14,17735814.59
-3030.00,6637426.43,8922123.14,14166519.23
-3040.00,6637426.43,8922123.14,14166519.23
-2770.00,6637426.43,8922123.14,14166519.23
-2780.00,6637426.43,8922123.14,14166519.23
-2790.00,6637426.43,8922123.14,14166519.23
-2800.00,6637426.43,8922123.14,14166519.23
-2830.00,6637426.43,8922123.14,14166519.23
-2830.00,6637426.43,8922123.14,14166519.23
-2830.00,6637426.43,8922123.14,17735814.59
-2850.00,6637426.43,8922123.14,14166519.23
-2860.00,6637426.43,8922123.14,14166519.23
-2880.00,6637426.43,8922123.14,14166519.23
-2980.00,6637426.43,8922123.14,14166519.23
-3360.00,6637426.43,8922123.14,14166519.23
-3070.00,6637426.43,8922123.14,14166519.23
-3220.00,6637426.43,8922123.14,14166519.23
-3290.00,6637426.43,8922123.14,14166519.23
-3320.00,6637426.43,8922123.14,17735814.59
-3350.00,6637426.43,8922123.14,14166519.23
-3350.00,6637426.43,8922123.14,14166519.23
-3040.00,6637426.43,8922123.14,14166519.23
-3060.00,6637426.43,8922123.14,14166519.23
-3070.00,6637426.43,8922123.14,14166519.23
-3070.00,6637426.43,8922123.14,14166519.23
-3070.00,6637426.43,8922123.14,14166519.23
-3140.00,6637426.43,8922123.14,14166519.23
-3160.00,6637426.43,8922123.14,17735814.59
-3190.00,6637426.43,8922123.14,14166519.23
-3190.00,6637426.43,8922123.14,14166519.23
-3210.00,6637426.43,8922123.14,14166519.23
-3220.00,6637426.43,8922123.14,14166519.23
-3670.00,6637426.43,8922123.14,14166519.23
-3430.00,6637426.43,8922123.14,14166519.23
-3590.00,6637426.43,8922123.14,14166519.23
-3610.00,6637426.43,8922123.14,14166519.23
-3610.00,6637426.43,8922123.14,17735814.59
-3620.00,6637426.43,8922123.14,14166519.23
-3630.00,6637426.43,8922123.14,14166519.23
-3360.00,6637426.43,8922123.14,14166519.23
-3390.00,6637426.43,8922123.14,14166519.23
-3390.00,6637426.43,8922123.14,14166519.23
-3390.00,6637426.43,8922123.14,14166519.23
-3440.00,6637426.43,8922123.14,14166519.23
-3450.00,6637426.43,8922123.14,14166519.23
-3460.00,6637426.43,8922123.14,17735814.59
-3530.00,6637426.43,8922123.14,14166519.23
-3550.00,6637426.43,8922123.14,14166519.23
-3570.00,6637426.43,8922123.14,14166519.23
-3570.00,6637426.43,8922123.14,14166519.23
-4000.00,6637426.43,8922123.14,14166519.23
-3740.00,6637426.43,8922123.14,14166519.23
-3890.00,6637426.43,8922123.14,14166519.23
-3900.00,6637426.43,8922123.14,14166519.23
-3910.00,6637426.43,34260952.84,17735814.59
-3920.00,6637426.43,8922123.14,14166519.23
-3960.00,6637426.43,8922123.14,14166519.23
-3710.00,6637426.43,8922123.14,14166519.23
-3710.00,6637426.43,8922123.14,14166519.23
-3720.00,6637426.43,8922123.14,14166519.23
-3720.00,6637426.43,8922123.14,14166519.23
-3750.00,6637426.43,8922123.14,14166519.23
-3770.00,6637426.43,8922123.14,14166519.23
-3780.00,6637426.43,34260952.84,17735814.59
-3800.00,6637426.43,8922123.14,14166519.23
-3810.00,6637426.43,8922123.14,14166519.23
-3870.00,6637426.43,8922123.14,14166519.23
-3870.00,6637426.43,8922123.14,14166519.23
-4290.00,6637426.43,8922123.14,14166519.23
-4030.00,6637426.43,8922123.14,14166519.23
-4210.00,6637426.43,8922123.14,14166519.23
-4250.00,6637426.43,22840635.23,14166519.23
-4260.00,6637426.43,34260952.84,17735814.59
-4270.00,6637426.43,8922123.14,14166519.23
-4280.00,6637426.43,8922123.14,14166519.23
-4000.00,6637426.43,8922123.14,14166519.23
-4010.00,6637426.43,8922123.14,14166519.23
-4010.00,6637426.43,8922123.14,14166519.23
-4020.00,6637426.43,8922123.14,14166519.23
-4050.00,6637426.43,8922123.14,14166519.23
-4070.00,6637426.43,8922123.14,14166519.23
-4100.00,6637426.43,34260952.84,17735814.59
-4140.00,6637426.43,22840635.23,14166519.23
-4160.00,6637426.43,8922123.14,14166519.23
-4180.00,6637426.43,8922123.14,14166519.23
-4180.00,6637426.43,8922123.14,14166519.23
-4600.00,6637426.43,8922123.14,14166519.23
-4400.00,6637426.43,8922123.14,14166519.23
-4490.00,6637426.43,8922123.14,14166519.23
-4500.00,6637426.43,22840635.23,14166519.23
-4540.00,6637426.43,34260952.84,17735814.59
-4560.00,6637426.43,8922123.14,14166519.23
-4600.00,6637426.43,22840635.23,14166519.23
-4320.00,6637426.43,8922123.14,14166519.23
-4320.00,6637426.43,8922123.14,14166519.23
-4340.00,6637426.43,8922123.14,14166519.23
-4380.00,6637426.43,8922123.14,14166519.23
-4400.00,6637426.43,22840635.23,14166519.23
-4410.00,6637426.43,8922123.14,14166519.23
-4420.00,6637426.43,34260952.84,17735814.59
-4420.00,6637426.43,22840635.23,14166519.23
-4430.00,6637426.43,8922123.14,14166519.23
-4450.00,6637426.43,8922123.14,14166519.23
-4450.00,6637426.43,8922123.14,14166519.23
-4960.00,6637426.43,8922123.14,14166519.23
-4700.00,6637426.43,8922123.14,14166519.23
-4810.00,6637426.43,8922123.14,14166519.23
-4840.00,6637426.43,22840635.23,14166519.23
-4840.00,6637426.43,34260952.84,17735814.59
-4890.00,6637426.43,22840635.23,14166519.23
-4910.00,6637426.43,22840635.23,14166519.23
-4620.00,6637426.43,8922123.14,14166519.23
-4630.00,6637426.43,8922123.14,14166519.23
-4650.00,6637426.43,8922123.14,14166519.23
-4690.00,6637426.43,8922123.14,14166519.23
-4700.00,6637426.43,22840635.23,14166519.23
-4710.00,6637426.43,22840635.23,14166519.23
-4730.00,6637426.43,34260952.84,17735814.59
-4730.00,6637426.43,22840635.23,14166519.23
-4740.00,6637426.43,8922123.14,14166519.23
-4800.00,6637426.43,8922123.14,14166519.23
-4800.00,6637426.43,8922123.14,14166519.23
-5230.00,7592442.17,8922123.14,14166519.23
-5030.00,6637426.43,8922123.14,14166519.23
-5170.00,7592442.17,8922123.14,14166519.23
-5190.00,6637426.43,22840635.23,14166519.23
-5190.00,6637426.43,0.00,17735814.59
-5190.00,6637426.43,22840635.23,14166519.23
-5210.00,7592442.17,22840635.23,14166519.23
-4960.00,6637426.43,8922123.14,14166519.23
-4970.00,6637426.43,8922123.14,14166519.23
-5000.00,6637426.43,8922123.14,14166519.23
-5000.00,6637426.43,8922123.14,14166519.23
-5040.00,6637426.43,22840635.23,14166519.23
-5040.00,6637426.43,22840635.23,14166519.23
-5070.00,6637426.43,0.00,17735814.59
-5100.00,6637426.43,22840635.23,14166519.23
-5110.00,6637426.43,8922123.14,14166519.23
-5120.00,6637426.43,8922123.14,14166519.23
-5120.00,6637426.43,8922123.14,14166519.23
-5550.00,7592442.17,8922123.14,14166519.23
-5280.00,6637426.43,8922123.14,14166519.23
-5480.00,7592442.17,8922123.14,14166519.23
-5500.00,6637426.43,22840635.23,14166519.23
-5510.00,7592442.17,0.00,17735814.59
-5520.00,7592442.17,22840635.23,14166519.23
-5540.00,7592442.17,22840635.23,14166519.23
-5240.00,6637426.43,8922123.14,14166519.23
-5240.00,6637426.43,22840635.23,14166519.23
-5250.00,6637426.43,22840635.23,14166519.23
-5280.00,6637426.43,8922123.14,14166519.23
-5300.00,6637426.43,22840635.23,14166519.23
-5370.00,7592442.17,22840635.23,14166519.23
-5380.00,7592442.17,0.00,17735814.59
-5410.00,7592442.17,22840635.23,14166519.23
-5430.00,6637426.43,8922123.14,14166519.23
-5440.00,7592442.17,8922123.14,14166519.23
-5460.00,7592442.17,8922123.14,14166519.23
-5880.00,7592442.17,8922123.14,14166519.23
-5630.00,7592442.17,8922123.14,14166519.23
-5790.00,7592442.17,22840635.23,14166519.23
-5790.00,7592442.17,0.00,14166519.23
-5810.00,9704760.70,0.00,17735814.59
-5840.00,7592442.17,22840635.23,14166519.23
-5850.00,7592442.17,22840635.23,14166519.23
-5560.00,7592442.17,8922123.14,14166519.23
-5590.00,7592442.17,22840635.23,14166519.23
-5590.00,7592442.17,22840635.23,14166519.23
-5610.00,7592442.17,8922123.14,14166519.23
-5650.00,7592442.17,22840635.23,14166519.23
-5700.00,7592442.17,22840635.23,14166519.23
-5700.00,7592442.17,0.00,17735814.59
-5720.00,7592442.17,0.00,14166519.23
-5720.00,7592442.17,8922123.14,14166519.23
-5760.00,7592442.17,8922123.14,14166519.23
-5780.00,7592442.17,8922123.14,14166519.23
-6210.00,7592442.17,8922123.14,14166519.23
-5970.00,7592442.17,22840635.23,14166519.23
-6040.00,7592442.17,22840635.23,14166519.23
-6070.00,7592442.17,54648004.21,14166519.23
-6070.00,7592442.17,100652701.63,17735814.59
-6110.00,7592442.17,22840635.23,14166519.23
-6150.00,7592442.17,47119962.81,14166519.23
-5890.00,7592442.17,8922123.14,14166519.23
-5910.00,9704760.70,22840635.23,14166519.23
-5950.00,7592442.17,22840635.23,14166519.23
-5960.00,7592442.17,22840635.23,14166519.23
-5970.00,7592442.17,47119962.81,14166519.23
-5980.00,7592442.17,47119962.81,14166519.23
-5990.00,7592442.17,100652701.63,17735814.59
-5990.00,7592442.17,54648004.21,14166519.23
-6020.00,7592442.17,8922123.14,14166519.23
-6030.00,7592442.17,8922123.14,14166519.23
-6040.00,7592442.17,8922123.14,14166519.23
-6520.00,9704760.70,8922123.14,14166519.23
-6280.00,7592442.17,22840635.23,14166519.23
-6390.00,7592442.17,22840635.23,14166519.23
-6390.00,7592442.17,62733678.30,14166519.23
-6440.00,7592442.17,111526539.20,17735814.59
-6440.00,9704760.70,47119962.81,14166519.23
-6510.00,9704760.70,54648004.21,14166519.23
-6250.00,9704760.70,22840635.23,14166519.23
-6270.00,7592442.17,22840635.23,14166519.23
-6270.00,7592442.17,22840635.23,14166519.23
-6270.00,7592442.17,22840635.23,14166519.23
-6310.00,7592442.17,54648004.21,14166519.23
-6330.00,7592442.17,54648004.21,14166519.23
-6340.00,7592442.17,111526539.20,17735814.59
-6360.00,7592442.17,62733678.30,14166519.23
-6380.00,7592442.17,22840635.23,14166519.23
-6380.00,7592442.17,8922123.14,14166519.23
-6380.00,7592442.17,8922123.14,14166519.23
-6840.00,7592442.17,8922123.14,14166519.23
-6620.00,7592442.17,22840635.23,14166519.23
-6780.00,7592442.17,22840635.23,14166519.23
-6780.00,7592442.17,71376985.09,14166519.23
-6790.00,7592442.17,120700000.00,17735814.59
-6820.00,8156769.65,62733678.30,14166519.23
-6830.00,7592442.17,62733678.30,14166519.23
-6550.00,7592442.17,22840635.23,14166519.23
-6580.00,7592442.17,22840635.23,14166519.23
-6610.00,7592442.17,22840635.23,14166519.23
-6620.00,7592442.17,22840635.23,14166519.23
-6630.00,9704760.70,62733678.30,14166519.23
-6650.00,11215421.95,62733678.30,14166519.23
-6660.00,7592442.17,120700000.00,17735814.59
-6660.00,7592442.17,71376985.09,14166519.23
-6680.00,7592442.17,22840635.23,14166519.23
-6700.00,7592442.17,8922123.14,14166519.23
-6760.00,7592442.17,8922123.14,14166519.23
-7210.00,8495908.76,8922123.14,14166519.23
-6940.00,7592442.17,22840635.23,14166519.23
-7170.00,7592442.17,22840635.23,14166519.23
-7170.00,8495908.76,80577924.57,14166519.23
-7180.00,8495908.76,134900000.00,17735814.59
-7190.00,8862179.00,62733678.30,14166519.23
-7210.00,9704760.70,62733678.30,14166519.23
-6840.00,9704760.70,22840635.23,14166519.23
-6900.00,8495908.76,22840635.23,14166519.23
-6900.00,7592442.17,22840635.23,14166519.23
-6930.00,7592442.17,22840635.23,14166519.23
-7030.00,7592442.17,62733678.30,14166519.23
-7030.00,11215421.95,62733678.30,14166519.23
-7040.00,7592442.17,134900000.00,17735814.59
-7090.00,7592442.17,80577924.57,14166519.23
-7110.00,8495908.76,22840635.23,14166519.23
-7120.00,7592442.17,22840635.23,14166519.23
-7130.00,7592442.17,8922123.14,14166519.23
-7730.00,8862179.00,8922123.14,14166519.23
-7360.00,8495908.76,22840635.23,14166519.23
-7570.00,8862179.00,22840635.23,14166519.23
-7570.00,8862179.00,85200000.00,14166519.23
-7590.00,8495908.76,149100000.00,17735814.59
-7640.00,8862179.00,71376985.09,14166519.23
-7690.00,8862179.00,71376985.09,14166519.23
-7220.00,8495908.76,22840635.23,14166519.23
-7240.00,8495908.76,47119962.81,14166519.23
-7260.00,7592442.17,47119962.81,14166519.23
-7350.00,9704760.70,22840635.23,14166519.23
-7410.00,8495908.76,71376985.09,14166519.23
-7430.00,8495908.76,71376985.09,14166519.23
-7480.00,9255580.37,149100000.00,17735814.59
-7490.00,8495908.76,85200000.00,14166519.23
-7500.00,8495908.76,22840635.23,14166519.23
-7510.00,8495908.76,22840635.23,14166519.23
-7510.00,9676112.86,8922123.14,14166519.23
-8250.00,9255580.37,8922123.14,14166519.23
-7920.00,8862179.00,22840635.23,14166519.23
-8070.00,9704760.70,40149554.11,14166519.23
-8090.00,10123776.49,92300000.00,14166519.23
-8210.00,9255580.37,163300000.00,17735814.59
-8220.00,9255580.37,80577924.57,14166519.23
-8240.00,9255580.37,80577924.57,14166519.23
-7820.00,8862179.00,22840635.23,14166519.23
-7830.00,9255580.37,54648004.21,14166519.23
-7870.00,8862179.00,54648004.21,14166519.23
-7920.00,9704760.70,22840635.23,14166519.23
-7920.00,8862179.00,80577924.57,14166519.23
-7970.00,8862179.00,163300000.00,14166519.23
-7980.00,9255580.37,163300000.00,17735814.59
-7980.00,9255580.37,92300000.00,14166519.23
-7980.00,8862179.00,22840635.23,14166519.23
-8030.00,9255580.37,22840635.23,14166519.23
-8060.00,9255580.37,8922123.14,14166519.23
-8770.00,9676112.86,8922123.14,14166519.23
-8380.00,9676112.86,22840635.23,14166519.23
-8620.00,9676112.86,40149554.11,14166519.23
-8700.00,9676112.86,106500000.00,14166519.23
-8710.00,9676112.86,117150000.00,24010520.74
-8750.00,9676112.86,88750000.00,14166519.23
-8770.00,11215421.95,88750000.00,14166519.23
-8250.00,9255580.37,22840635.23,14166519.23
-8330.00,9676112.86,62733678.30,14166519.23
-8360.00,9676112.86,62733678.30,14166519.23
-8380.00,9676112.86,22840635.23,14166519.23
-8460.00,9255580.37,88750000.00,14166519.23
-8480.00,9676112.86,88750000.00,14166519.23
-8510.00,9676112.86,117150000.00,24010520.74
-8580.00,9676112.86,106500000.00,14166519.23
-8580.00,9676112.86,22840635.23,14166519.23
-8600.00,9255580.37,22840635.23,14166519.23
-8620.00,11215421.95,8922123.14,14166519.23
-9330.00,10598571.24,8922123.14,14166519.23
-8900.00,10123776.49,40149554.11,14166519.23
-9180.00,10123776.49,40149554.11,14166519.23
-9180.00,10123776.49,106500000.00,14166519.23
-9230.00,10912095.93,117150000.00,24010520.74
-9300.00,10123776.49,95850000.00,14166519.23
-9330.00,11215421.95,95850000.00,14166519.23
-8780.00,9676112.86,40149554.11,14166519.23
-8780.00,10123776.49,62733678.30,14166519.23
-8840.00,9676112.86,62733678.30,14166519.23
-8850.00,9676112.86,40149554.11,14166519.23
-8970.00,10627219.08,95850000.00,14166519.23
-8990.00,9676112.86,95850000.00,14166519.23
-9000.00,9676112.86,117150000.00,24010520.74
-9040.00,10123776.49,106500000.00,14166519.23
-9130.00,10123776.49,40149554.11,14166519.23
-9130.00,10123776.49,22840635.23,14166519.23
-9170.00,10123776.49,8922123.14,14166519.23
-9990.00,11100497.13,0.00,0.00
-9490.00,11215421.95,0.00,0.00
-9750.00,10598571.24,77931132.76,17598408.40
-9760.00,10598571.24,171990000.00,17598408.40
-9770.00,10598571.24,179928000.00,29827153.94
-9970.00,10598571.24,136710000.00,17598408.40
-9980.00,11100497.13,0.00,#VÄRDEFEL!
-9370.00,10123776.49,0.00,#VÄRDEFEL!
-9380.00,10123776.49,0.00,#VÄRDEFEL!
-9410.00,10123776.49,0.00,#VÄRDEFEL!
-9440.00,10123776.49,0.00,#VÄRDEFEL!
-9500.00,11563243.03,0.00,#VÄRDEFEL!
-9580.00,10598571.24,0.00,0.00
-9580.00,10598571.24,179928000.00,29827153.94
-9580.00,10598571.24,171990000.00,17598408.40
-9590.00,10598571.24,77931132.76,17598408.40
-9690.00,10598571.24,49875924.97,17598408.40
-9740.00,10598571.24,11083538.88,17598408.40
-10600.00,11629554.14,9273981.51,14725198.87
-10160.00,10598571.24,56803136.77,14725198.87
-10430.00,11629554.14,74191852.11,14725198.87
-10500.00,12185742.28,125460000.00,14725198.87
-10500.00,11100497.13,165312000.00,24957414.52
-10500.00,0.00,114390000.00,14725198.87
-10500.00,11929513.27,166931667.24,43743487.02
-10010.00,11100497.13,166931667.24,43743487.02
-10040.00,11215421.95,166931667.24,43743487.02
-10050.00,11100497.13,166931667.24,43743487.02
-10110.00,11629554.14,166931667.24,43743487.02
-10180.00,11100497.13,166931667.24,43743487.02
-10210.00,11215421.95,114390000.00,14725198.87
-10250.00,11100497.13,165312000.00,24957414.52
-10270.00,11563243.03,125460000.00,14725198.87
-10360.00,11100497.13,74191852.11,14725198.87
-10390.00,11100497.13,48978214.87,14725198.87
-10390.00,11629554.14,9273981.51,14725198.87
-11400.00,0.00,9273981.51,14725198.87
-10800.00,11929513.27,56803136.77,14725198.87
-11100.00,0.00,74191852.11,14725198.87
-11100.00,12743447.13,125460000.00,14725198.87
-11100.00,12743447.13,165312000.00,24957414.52
-11300.00,0.00,121770000.00,14725198.87
-11400.00,12185742.28,166931667.24,43743487.02
-10700.00,11215421.95,166931667.24,43743487.02
-10700.00,11629554.14,166931667.24,43743487.02
-10800.00,0.00,166931667.24,43743487.02
-10800.00,0.00,166931667.24,43743487.02
-10800.00,11929513.27,166931667.24,43743487.02
-10900.00,11215421.95,121770000.00,14725198.87
-10900.00,11629554.14,165312000.00,24957414.52
-11000.00,12185742.28,125460000.00,14725198.87
-11000.00,11629554.14,74191852.11,14725198.87
-11000.00,11629554.14,48978214.87,14725198.87
-11000.00,0.00,9273981.51,14725198.87
-12300.00,13665905.51,9273981.51,14725198.87
-11600.00,0.00,74191852.11,14725198.87
-12100.00,0.00,81918000.00,14725198.87
-12200.00,12743447.13,140220000.00,14725198.87
-12200.00,12769061.56,180810000.00,24957414.52
-12200.00,0.00,136530000.00,14725198.87
-12300.00,12769061.56,166931667.24,43743487.02
-11400.00,12743447.13,166931667.24,43743487.02
-11500.00,11215421.95,166931667.24,43743487.02
-11500.00,13379511.95,166931667.24,43743487.02
-11600.00,12185742.28,166931667.24,43743487.02
-11700.00,12743447.13,166931667.24,43743487.02
-11700.00,13379511.95,136530000.00,14725198.87
-11800.00,12769061.56,180810000.00,24957414.52
-11800.00,0.00,180810000.00,14725198.87
-11900.00,0.00,180810000.00,14725198.87
-11900.00,13191110.76,180810000.00,14725198.87
-12100.00,12769061.56,9273981.51,14725198.87
-13400.00,14681806.14,23741392.67,14725198.87
-12600.00,13379511.95,180810000.00,14725198.87
-13000.00,0.00,180810000.00,14725198.87
-13100.00,13665905.51,180810000.00,14725198.87
-13200.00,14017093.48,180810000.00,24957414.52
-13200.00,0.00,180810000.00,14725198.87
-13300.00,14017093.48,180810000.00,43743487.02
-12400.00,13191110.76,180810000.00,43743487.02
-12400.00,0.00,180810000.00,43743487.02
-12500.00,0.00,180810000.00,43743487.02
-12600.00,13379511.95,180810000.00,43743487.02
-12700.00,13379511.95,180810000.00,43743487.02
-12700.00,13379511.95,180810000.00,14725198.87
-12700.00,0.00,180810000.00,24957414.52
-12900.00,13665905.51,140220000.00,14725198.87
-12900.00,0.00,81918000.00,14725198.87
-13000.00,13379511.95,56803136.77,14725198.87
-13000.00,13379511.95,23741392.67,14725198.87
-14700.00,0.00,23741392.67,14725198.87
-13600.00,0.00,83755645.54,14725198.87
-14500.00,15373649.93,98154000.00,14725198.87
-14500.00,15373649.93,147600000.00,14725198.87
-14600.00,15253076.55,212544000.00,24957414.52
-14600.00,0.00,147600000.00,14725198.87
-14600.00,15253076.55,166931667.24,43743487.02
-13400.00,0.00,166931667.24,43743487.02
-13500.00,14017093.48,166931667.24,43743487.02
-13600.00,14167831.40,166931667.24,43743487.02
-13600.00,14017093.48,166931667.24,43743487.02
-13800.00,14696888.41,166931667.24,43743487.02
-13900.00,14167831.40,147600000.00,14725198.87
-13900.00,14681806.14,212544000.00,24957414.52
-14000.00,14681806.14,147600000.00,14725198.87
-14000.00,14681806.14,98154000.00,14725198.87
-14200.00,14696888.41,65207682.52,14725198.87
-14300.00,14696888.41,23741392.67,14725198.87
-15900.00,0.00,23741392.67,14725198.87
-15000.00,0.00,83755645.54,14725198.87
-15500.00,0.00,98154000.00,14725198.87
-15700.00,16446846.22,154980000.00,14725198.87
-15800.00,15836395.83,212544000.00,24957414.52
-15800.00,0.00,158670000.00,14725198.87
-15800.00,17084427.75,166931667.24,43743487.02
-14700.00,15836395.83,166931667.24,43743487.02
-14900.00,15373649.93,166931667.24,43743487.02
-14900.00,16092624.84,166931667.24,43743487.02
-15000.00,0.00,166931667.24,43743487.02
-15100.00,15253076.55,166931667.24,43743487.02
-15200.00,0.00,158670000.00,14725198.87
-15200.00,15836395.83,212544000.00,24957414.52
-15300.00,15836395.83,154980000.00,14725198.87
-15300.00,15836395.83,98154000.00,14725198.87
-15400.00,16092624.84,65207682.52,14725198.87
-15500.00,0.00,23741392.67,14725198.87
-17000.00,0.00,25735927.02,15962275.19
-16200.00,17749140.41,119200000.00,15962275.19
-16800.00,17084427.75,119200000.00,15962275.19
-16800.00,0.00,184000000.00,15962275.19
-16800.00,0.00,252800000.00,27054107.88
-16800.00,18440984.20,192000000.00,15962275.19
-16900.00,0.00,180955736.85,47418414.12
-15900.00,16446846.22,180955736.85,47418414.12
-16100.00,16446846.22,180955736.85,47418414.12
-16100.00,0.00,180955736.85,47418414.12
-16200.00,0.00,180955736.85,47418414.12
-16300.00,0.00,180955736.85,47418414.12
-16300.00,17084427.75,192000000.00,15962275.19
-16400.00,0.00,252800000.00,27054107.88
-16400.00,0.00,184000000.00,15962275.19
-16500.00,16446846.22,119200000.00,15962275.19
-16600.00,0.00,80424771.93,15962275.19
-16600.00,0.00,25735927.02,15962275.19
-18700.00,18940508.40,10053096.49,19984016.44
-17400.00,0.00,80424771.93,19984016.44
-18000.00,0.00,90792027.69,19984016.44
-18200.00,0.00,152053084.43,19984016.44
-18300.00,18940508.40,274400000.00,27054107.88
-18300.00,0.00,152053084.43,19984016.44
-18600.00,0.00,180955736.85,47418414.12
-17100.00,0.00,180955736.85,47418414.12
-17200.00,17084427.75,180955736.85,47418414.12
-17200.00,0.00,180955736.85,47418414.12
-17300.00,0.00,180955736.85,47418414.12
-17500.00,17749140.41,180955736.85,47418414.12
-17500.00,0.00,152053084.43,19984016.44
-17600.00,0.00,274400000.00,27054107.88
-17800.00,0.00,168000000.00,19984016.44
-17800.00,0.00,80424771.93,19984016.44
-17900.00,0.00,80424771.93,19984016.44
-18000.00,18384320.26,10053096.49,19984016.44
-23200.00,22847390.96,10053096.49,19984016.44
-19300.00,0.00,61575216.01,19984016.44
-21400.00,21436572.26,90792027.69,19984016.44
-21700.00,21436572.26,180955736.85,19984016.44
-22100.00,22128416.04,300600000.00,27054107.88
-22500.00,22128416.04,152053084.43,19984016.44
-22800.00,22128416.04,180955736.85,47418414.12
-18700.00,0.00,180955736.85,47418414.12
-18900.00,0.00,180955736.85,47418414.12
-19000.00,19523827.67,180955736.85,47418414.12
-19000.00,0.00,180955736.85,47418414.12
-19400.00,0.00,180955736.85,47418414.12
-19600.00,20134278.07,125663706.14,19984016.44
-19700.00,0.00,300600000.00,27054107.88
-19800.00,0.00,180955736.85,19984016.44
-19900.00,20134278.07,61575216.01,19984016.44
-20600.00,20771859.60,61575216.01,19984016.44
-20900.00,20771859.60,10053096.49,19984016.44
-25100.00,24366734.18,123162998.39,24180659.90
0,0,123162998.39,24180659.90
0,0,237582944.43,24180659.90
0,0,382844000.00,32735470.53
0,0,218956441.58,24180659.90
0,0,216832000.00,57376281.08
-23600,22847390.96,218956441.58,57376281.08
-24000,23593497,216832000.00,57376281.08
-24300,23593497,218956441.58,57376281.08
-24700,24366734.18,216832000.00,57376281.08
-25500,25167102.48,218956441.58,57376281.08
-25900,25167102.48,177144000.00,24180659.90
-26300,25994601.91,382844000.00,32735470.53
-26600,25994601.91,224092000.00,24180659.90
-27000,25994601.91,95348000.00,24180659.90
-27400,27730994.16,70664000.00,24180659.90
-27800,27730994.16,54495825.46,24180659.90
